Area,Date,Mean,Median,Sales,CrimeCount
Barking and Dagenham,2010-06-01,170149,162500,1601,1713
Barking and Dagenham,2010-09-01,174817,167000,1594,1553
Barking and Dagenham,2010-12-01,179018,170000,1459,1200
Barking and Dagenham,2011-03-01,179947,171500,1469,1581
Barking and Dagenham,2011-06-01,179734,170000,1437,1593
Barking and Dagenham,2011-09-01,180056,170000,1441,1378
Barking and Dagenham,2011-12-01,180165,170000,1463,1409
Barking and Dagenham,2012-03-01,180735,170000,1504,1620
Barking and Dagenham,2012-06-01,181356,171000,1437,1365
Barking and Dagenham,2012-09-01,180689,172000,1385,1269
Barking and Dagenham,2012-12-01,181471,174000,1346,1336
Barking and Dagenham,2013-03-01,182516,175000,1288,1426
Barking and Dagenham,2013-06-01,184691,175995,1363,1225
Barking and Dagenham,2013-09-01,186136,178500,1516,1222
Barking and Dagenham,2013-12-01,187943,180995,1743,1189
Barking and Dagenham,2014-03-01,191799,185050,1852,1465
Barking and Dagenham,2014-06-01,197574,193000,1935,1302
Barking and Dagenham,2014-09-01,207119,205000,1993,1352
Barking and Dagenham,2014-12-01,215810,215000,2123,1271
Barking and Dagenham,2015-03-01,221029,220000,2240,1510
Barking and Dagenham,2015-06-01,226261,227500,2283,1395
Barking and Dagenham,2015-09-01,234226,235000,2275,1400
Barking and Dagenham,2015-12-01,244126,245500,2240,1456
Barking and Dagenham,2016-03-01,254179,255000,2367,1585
Barking and Dagenham,2016-06-01,265260,265000,2301,1490
Barking and Dagenham,2016-09-01,275923,277000,2258,1392
Barking and Dagenham,2016-12-01,289176,290000,2063,1327
Barking and Dagenham,2017-03-01,299383,300000,1874,1575
Barking and Dagenham,2017-06-01,301708,302000,1898,1563
Barking and Dagenham,2017-09-01,302686,302000,1855,1514
Barking and Dagenham,2017-12-01,301518,300000,1880,1425
Barnet,2010-06-01,402312,308500,4039,2204
Barnet,2010-09-01,429068,317000,4293,2099
Barnet,2010-12-01,444386,325000,4209,1886
Barnet,2011-03-01,456996,327500,4119,2247
Barnet,2011-06-01,455169,327250,3982,2285
Barnet,2011-09-01,441515,327500,3875,1948
Barnet,2011-12-01,440755,325000,3949,2005
Barnet,2012-03-01,424052,320000,4150,2362
Barnet,2012-06-01,437962,322500,4283,2131
Barnet,2012-09-01,444920,325000,4225,1889
Barnet,2012-12-01,450269,330000,4085,2024
Barnet,2013-03-01,464213,332000,4180,2107
Barnet,2013-06-01,461061,327750,4244,1843
Barnet,2013-09-01,469762,335000,4517,1771
Barnet,2013-12-01,479968,345000,4746,1940
Barnet,2014-03-01,490858,360000,4842,1977
Barnet,2014-06-01,503791,375000,4959,1750
Barnet,2014-09-01,529833,390000,4954,1853
Barnet,2014-12-01,534786,400000,4915,1951
Barnet,2015-03-01,544387,415000,4833,1974
Barnet,2015-06-01,553199,430000,4747,2093
Barnet,2015-09-01,553003,440000,4648,1956
Barnet,2015-12-01,566874,450000,4966,2121
Barnet,2016-03-01,576762,455000,5420,2145
Barnet,2016-06-01,582039,460000,5415,2138
Barnet,2016-09-01,581036,470000,5330,2155
Barnet,2016-12-01,584202,476500,4927,2033
Barnet,2017-03-01,590823,482951,4320,2330
Barnet,2017-06-01,616325,500000,4217,2167
Barnet,2017-09-01,638641,512000,4013,2115
Barnet,2017-12-01,667593,533500,3769,2029
Bexley,2010-06-01,218041,205000,2532,1210
Bexley,2010-09-01,222241,210000,2593,1067
Bexley,2010-12-01,226616,215000,2478,919
Bexley,2011-03-01,224495,214500,2471,1123
Bexley,2011-06-01,226643,215000,2470,999
Bexley,2011-09-01,227258,217000,2435,924
Bexley,2011-12-01,226283,215000,2554,851
Bexley,2012-03-01,227661,215000,2709,1130
Bexley,2012-06-01,225891,212000,2719,1029
Bexley,2012-09-01,225289,211000,2804,971
Bexley,2012-12-01,225465,210000,2878,988
Bexley,2013-03-01,227935,215000,2833,952
Bexley,2013-06-01,230453,217000,2950,904
Bexley,2013-09-01,232324,220000,3159,922
Bexley,2013-12-01,236952,225000,3350,1116
Bexley,2014-03-01,240225,230000,3651,1088
Bexley,2014-06-01,247206,240000,3752,1035
Bexley,2014-09-01,258740,249000,3844,950
Bexley,2014-12-01,267268,250000,3872,1028
Bexley,2015-03-01,274668,260000,3720,1053
Bexley,2015-06-01,277861,264748,3820,1046
Bexley,2015-09-01,285822,271000,3819,992
Bexley,2015-12-01,295262,285000,3821,1053
Bexley,2016-03-01,306399,295000,4029,1088
Bexley,2016-06-01,319770,310000,3763,1067
Bexley,2016-09-01,331444,322000,3578,1132
Bexley,2016-12-01,340626,328000,3371,1218
Bexley,2017-03-01,345354,330000,3132,1247
Bexley,2017-06-01,347505,332000,3179,1261
Bexley,2017-09-01,352460,336000,3153,1271
Bexley,2017-12-01,357779,342500,3161,1155
Brent,2010-06-01,326529,272500,2220,2353
Brent,2010-09-01,337142,280000,2456,2274
Brent,2010-12-01,345055,283000,2427,2022
Brent,2011-03-01,355371,290000,2352,2305
Brent,2011-06-01,362081,295000,2286,2602
Brent,2011-09-01,361550,300000,2208,2285
Brent,2011-12-01,360423,300000,2218,2399
Brent,2012-03-01,364499,305000,2289,2551
Brent,2012-06-01,368615,313000,2164,2224
Brent,2012-09-01,382601,317000,2127,1999
Brent,2012-12-01,395126,322500,2076,2144
Brent,2013-03-01,398642,325000,2037,2054
Brent,2013-06-01,406327,327000,2187,1992
Brent,2013-09-01,418762,340000,2249,1923
Brent,2013-12-01,429877,347500,2439,1900
Brent,2014-03-01,443359,355000,2635,2082
Brent,2014-06-01,451091,365000,2777,2209
Brent,2014-09-01,458691,374975,2900,2068
Brent,2014-12-01,468859,385000,2850,1931
Brent,2015-03-01,481269,399950,2776,2126
Brent,2015-06-01,491118,405000,2743,2138
Brent,2015-09-01,494092,400000,2975,2079
Brent,2015-12-01,506322,415000,2927,2192
Brent,2016-03-01,515414,425000,3265,2170
Brent,2016-06-01,517225,425000,3133,2350
Brent,2016-09-01,526828,450000,2868,2238
Brent,2016-12-01,517497,445000,2864,2338
Brent,2017-03-01,518109,450000,2393,2495
Brent,2017-06-01,536120,465150,2474,2455
Brent,2017-09-01,547212,475000,2254,2458
Brent,2017-12-01,578705,499950,1979,2390
Bromley,2010-06-01,315267,250000,4698,1846
Bromley,2010-09-01,326287,270000,4715,1630
Bromley,2010-12-01,327306,275000,4413,1583
Bromley,2011-03-01,329496,275000,4341,1902
Bromley,2011-06-01,329436,275000,4220,1780
Bromley,2011-09-01,333054,275000,4183,1727
Bromley,2011-12-01,336236,275000,4363,1826
Bromley,2012-03-01,333060,275000,4617,1796
Bromley,2012-06-01,332992,275000,4698,1622
Bromley,2012-09-01,331857,275000,4797,1622
Bromley,2012-12-01,333020,277500,4854,1599
Bromley,2013-03-01,336649,280500,4662,1631
Bromley,2013-06-01,339067,285000,4797,1424
Bromley,2013-09-01,342553,287500,5083,1517
Bromley,2013-12-01,354045,295000,5458,1626
Bromley,2014-03-01,360047,299995,5996,1660
Bromley,2014-06-01,373059,310000,6194,1661
Bromley,2014-09-01,389488,325000,6259,1579
Bromley,2014-12-01,397487,335000,6076,1717
Bromley,2015-03-01,410234,350000,5812,1781
Bromley,2015-06-01,418085,355000,5781,1823
Bromley,2015-09-01,429597,365000,5811,1772
Bromley,2015-12-01,441675,375000,5957,1752
Bromley,2016-03-01,451676,385000,6317,1749
Bromley,2016-06-01,461829,399000,6064,1639
Bromley,2016-09-01,469729,408000,5605,1638
Bromley,2016-12-01,478142,420000,5242,1894
Bromley,2017-03-01,483847,425000,4735,2193
Bromley,2017-06-01,489823,425000,4727,1904
Bromley,2017-09-01,496853,435000,4797,1805
Bromley,2017-12-01,502623,440000,4663,1800
Camden,2010-06-01,630093,440000,2648,2682
Camden,2010-09-01,686622,460000,2804,2614
Camden,2010-12-01,716429,478500,2769,2444
Camden,2011-03-01,733840,485000,2743,3238
Camden,2011-06-01,747277,490000,2763,3197
Camden,2011-09-01,737439,490000,2703,2748
Camden,2011-12-01,724250,483500,2650,2687
Camden,2012-03-01,709143,478750,2606,3046
Camden,2012-06-01,725270,485000,2562,2777
Camden,2012-09-01,745579,495000,2498,2411
Camden,2012-12-01,780751,500000,2432,2641
Camden,2013-03-01,785352,500000,2447,2381
Camden,2013-06-01,792785,530500,2566,2519
Camden,2013-09-01,827177,570000,2730,2289
Camden,2013-12-01,836170,585000,2936,2048
Camden,2014-03-01,858321,610000,3028,2387
Camden,2014-06-01,889350,635000,3079,2276
Camden,2014-09-01,915199,650000,2941,2272
Camden,2014-12-01,966927,675000,2724,2471
Camden,2015-03-01,984644,680000,2608,2576
Camden,2015-06-01,996667,675000,2413,2610
Camden,2015-09-01,1041169,680750,2376,2417
Camden,2015-12-01,1040035,705000,2450,2440
Camden,2016-03-01,1085177,740000,2662,2348
Camden,2016-06-01,1088629,748550,2556,2400
Camden,2016-09-01,1045917,737500,2279,2471
Camden,2016-12-01,1063248,735000,2145,2691
Camden,2017-03-01,1029438,717500,1900,3013
Camden,2017-06-01,1082928,750000,2033,3337
Camden,2017-09-01,1121810,768750,2116,3265
Camden,2017-12-01,1099876,760000,2128,2954
Croydon,2010-06-01,244147,210000,3867,2788
Croydon,2010-09-01,249130,215000,3883,2650
Croydon,2010-12-01,254458,220000,3643,2289
Croydon,2011-03-01,254109,220000,3504,2709
Croydon,2011-06-01,255728,220000,3381,2764
Croydon,2011-09-01,255105,220000,3402,2484
Croydon,2011-12-01,256219,220000,3512,2256
Croydon,2012-03-01,254580,220000,3729,2766
Croydon,2012-06-01,258380,225000,3734,2641
Croydon,2012-09-01,261653,226000,3652,2496
Croydon,2012-12-01,262587,230000,3634,2479
Croydon,2013-03-01,266173,232000,3629,2340
Croydon,2013-06-01,263094,230000,3957,2371
Croydon,2013-09-01,266282,235000,4293,2220
Croydon,2013-12-01,271891,239950,4811,2199
Croydon,2014-03-01,275229,245000,5312,2274
Croydon,2014-06-01,283077,249950,5667,2312
Croydon,2014-09-01,292315,250000,5966,2370
Croydon,2014-12-01,300572,265000,5841,2512
Croydon,2015-03-01,309625,275000,5666,2555
Croydon,2015-06-01,318591,285000,5539,2611
Croydon,2015-09-01,328459,295000,5498,2239
Croydon,2015-12-01,340768,306000,5617,2288
Croydon,2016-03-01,350929,319950,5944,2266
Croydon,2016-06-01,357942,325000,5705,2529
Croydon,2016-09-01,366448,331000,5555,2534
Croydon,2016-12-01,372054,338000,5177,2469
Croydon,2017-03-01,377366,345000,4798,2618
Croydon,2017-06-01,385383,353595,4932,2543
Croydon,2017-09-01,395862,360523,4820,2438
Croydon,2017-12-01,399645,365000,4725,2496
Ealing,2010-06-01,338221,270000,3027,2988
Ealing,2010-09-01,344032,274975,3206,2649
Ealing,2010-12-01,350588,279275,3213,2337
Ealing,2011-03-01,352163,276500,3149,2805
Ealing,2011-06-01,357954,280000,3053,2714
Ealing,2011-09-01,368398,286000,3025,2299
Ealing,2011-12-01,375143,293000,3035,2341
Ealing,2012-03-01,376149,290000,3124,2720
Ealing,2012-06-01,384520,299000,3170,2514
Ealing,2012-09-01,386191,303000,3175,2355
Ealing,2012-12-01,397675,310000,3253,2347
Ealing,2013-03-01,403533,316250,3375,2170
Ealing,2013-06-01,411674,320000,3507,2218
Ealing,2013-09-01,423399,325000,3727,2073
Ealing,2013-12-01,427847,326000,3806,2005
Ealing,2014-03-01,447783,340000,3793,2129
Ealing,2014-06-01,460776,346525,3740,2185
Ealing,2014-09-01,486683,369500,3544,2122
Ealing,2014-12-01,501526,387775,3378,2176
Ealing,2015-03-01,506192,400000,3282,2200
Ealing,2015-06-01,507766,404500,3348,2413
Ealing,2015-09-01,509376,415000,3437,2225
Ealing,2015-12-01,524967,432000,3486,2312
Ealing,2016-03-01,539608,445000,3761,2143
Ealing,2016-06-01,542632,451500,3469,2473
Ealing,2016-09-01,546006,460000,3244,2351
Ealing,2016-12-01,553669,465000,3060,2352
Ealing,2017-03-01,552560,465050,2710,2417
Ealing,2017-06-01,568092,475000,2729,2447
Ealing,2017-09-01,577818,488000,2659,2224
Ealing,2017-12-01,578110,485000,2527,2102
Enfield,2010-06-01,272617,230000,3059,1993
Enfield,2010-09-01,278265,235000,3120,1824
Enfield,2010-12-01,284303,241000,2910,1635
Enfield,2011-03-01,289501,244000,2805,1954
Enfield,2011-06-01,287567,240000,2703,2085
Enfield,2011-09-01,284098,240000,2630,1695
Enfield,2011-12-01,285335,240000,2734,1599
Enfield,2012-03-01,280742,239000,2921,2038
Enfield,2012-06-01,287020,242000,2967,1925
Enfield,2012-09-01,292622,245000,2944,1676
Enfield,2012-12-01,295101,248000,2805,1805
Enfield,2013-03-01,303082,250000,2668,1754
Enfield,2013-06-01,300209,250000,2743,1920
Enfield,2013-09-01,303138,250000,2988,1839
Enfield,2013-12-01,309261,250000,3368,1852
Enfield,2014-03-01,313348,260000,3708,1969
Enfield,2014-06-01,323864,270000,3838,1796
Enfield,2014-09-01,338688,280000,3843,1849
Enfield,2014-12-01,350007,285000,3687,1813
Enfield,2015-03-01,363178,299950,3561,1914
Enfield,2015-06-01,371581,305000,3480,1808
Enfield,2015-09-01,378790,320000,3481,1822
Enfield,2015-12-01,389903,331000,3505,1992
Enfield,2016-03-01,404433,350000,3748,2009
Enfield,2016-06-01,419358,360000,3530,1829
Enfield,2016-09-01,438829,375000,3323,1936
Enfield,2016-12-01,450294,385000,3061,1825
Enfield,2017-03-01,459261,400000,2618,2158
Enfield,2017-06-01,464622,405000,2737,2081
Enfield,2017-09-01,461150,400250,2634,2000
Enfield,2017-12-01,463806,402500,2612,2034
Greenwich,2010-06-01,280175,235000,2291,2157
Greenwich,2010-09-01,289934,240000,2295,2026
Greenwich,2010-12-01,296528,245000,2243,1639
Greenwich,2011-03-01,296229,245000,2260,1968
Greenwich,2011-06-01,297034,247500,2353,1971
Greenwich,2011-09-01,296191,249999,2521,1637
Greenwich,2011-12-01,296637,249995,2570,1860
Greenwich,2012-03-01,293986,249490,2828,1805
Greenwich,2012-06-01,294322,248000,2888,1928
Greenwich,2012-09-01,289781,245000,2779,1560
Greenwich,2012-12-01,293544,245000,2850,1650
Greenwich,2013-03-01,297684,249950,2737,1520
Greenwich,2013-06-01,302635,250000,2790,1596
Greenwich,2013-09-01,316448,255000,3088,1597
Greenwich,2013-12-01,330113,275000,3485,1467
Greenwich,2014-03-01,338461,282500,3727,1627
Greenwich,2014-06-01,357073,303300,4278,1837
Greenwich,2014-09-01,365534,310000,4555,1811
Greenwich,2014-12-01,369977,317500,4433,1629
Greenwich,2015-03-01,372919,320000,4514,1810
Greenwich,2015-06-01,371073,318000,4046,1775
Greenwich,2015-09-01,382598,331550,3866,1723
Greenwich,2015-12-01,401116,351000,4060,1795
Greenwich,2016-03-01,417230,365000,4298,1888
Greenwich,2016-06-01,426328,375000,4183,2047
Greenwich,2016-09-01,434975,385000,4029,1995
Greenwich,2016-12-01,445432,395000,3769,1941
Greenwich,2017-03-01,452824,401000,3302,2197
Greenwich,2017-06-01,456559,412000,3475,2090
Greenwich,2017-09-01,463022,420000,3400,2086
Greenwich,2017-12-01,462820,420000,3305,1972
Hackney,2010-06-01,335968,295000,2131,2501
Hackney,2010-09-01,344246,294725,2216,2347
Hackney,2010-12-01,345288,290500,2228,1842
Hackney,2011-03-01,347773,295000,2174,2357
Hackney,2011-06-01,343681,290000,2189,2281
Hackney,2011-09-01,345224,295000,2308,2045
Hackney,2011-12-01,354522,310000,2246,1839
Hackney,2012-03-01,355782,305050,2394,2633
Hackney,2012-06-01,363159,315000,2426,2515
Hackney,2012-09-01,371572,320000,2499,2150
Hackney,2012-12-01,379410,325000,2630,2204
Hackney,2013-03-01,387506,335000,2595,2107
Hackney,2013-06-01,401228,350000,2754,2277
Hackney,2013-09-01,417913,368000,2749,2087
Hackney,2013-12-01,430254,375000,2708,1960
Hackney,2014-03-01,448611,386000,2815,2186
Hackney,2014-06-01,465307,404125,2848,2182
Hackney,2014-09-01,485170,420000,2823,2105
Hackney,2014-12-01,501633,430000,2845,2046
Hackney,2015-03-01,507517,433493,2724,2354
Hackney,2015-06-01,524610,450000,2716,2515
Hackney,2015-09-01,540253,461000,2839,2130
Hackney,2015-12-01,564761,490000,2831,2166
Hackney,2016-03-01,587108,515000,3066,2281
Hackney,2016-06-01,594696,521050,2824,2692
Hackney,2016-09-01,609711,536209,2466,2468
Hackney,2016-12-01,602843,535250,2464,2421
Hackney,2017-03-01,598546,530000,2277,2908
Hackney,2017-06-01,602686,534500,2252,2827
Hackney,2017-09-01,603130,530000,2308,2416
Hackney,2017-12-01,614955,530000,2130,2351
Hammersmith and Fulham,2010-06-01,591972,447500,2523,2008
Hammersmith and Fulham,2010-09-01,619489,460000,2583,1887
Hammersmith and Fulham,2010-12-01,622446,460000,2508,1746
Hammersmith and Fulham,2011-03-01,628935,455000,2567,1997
Hammersmith and Fulham,2011-06-01,642716,458850,2572,1963
Hammersmith and Fulham,2011-09-01,635788,460000,2581,1760
Hammersmith and Fulham,2011-12-01,638126,465000,2718,1842
Hammersmith and Fulham,2012-03-01,634341,470000,2690,1865
Hammersmith and Fulham,2012-06-01,639039,475000,2709,1816
Hammersmith and Fulham,2012-09-01,661635,475000,2705,1770
Hammersmith and Fulham,2012-12-01,675674,490000,2626,1685
Hammersmith and Fulham,2013-03-01,703575,500000,2637,1484
Hammersmith and Fulham,2013-06-01,717400,510000,2671,1499
Hammersmith and Fulham,2013-09-01,740705,550000,2871,1516
Hammersmith and Fulham,2013-12-01,766921,561440,3005,1491
Hammersmith and Fulham,2014-03-01,782831,575000,3080,1478
Hammersmith and Fulham,2014-06-01,802443,595000,3129,1605
Hammersmith and Fulham,2014-09-01,837631,625000,2983,1590
Hammersmith and Fulham,2014-12-01,886074,661000,2809,1697
Hammersmith and Fulham,2015-03-01,905689,685250,2618,1724
Hammersmith and Fulham,2015-06-01,943205,725000,2519,1625
Hammersmith and Fulham,2015-09-01,947106,729700,2418,1579
Hammersmith and Fulham,2015-12-01,940897,730000,2413,1722
Hammersmith and Fulham,2016-03-01,944626,737025,2688,1687
Hammersmith and Fulham,2016-06-01,936828,742250,2490,1765
Hammersmith and Fulham,2016-09-01,931396,730000,2295,1657
Hammersmith and Fulham,2016-12-01,940225,730000,2163,1676
Hammersmith and Fulham,2017-03-01,932931,740000,1902,1855
Hammersmith and Fulham,2017-06-01,937893,750000,1994,1785
Hammersmith and Fulham,2017-09-01,965532,766625,1980,1638
Hammersmith and Fulham,2017-12-01,972231,777475,2016,1862
Haringey,2010-06-01,370636,275000,2335,2141
Haringey,2010-09-01,383760,280000,2422,1932
Haringey,2010-12-01,395977,290000,2347,1758
Haringey,2011-03-01,406455,295000,2294,1948
Haringey,2011-06-01,410736,300000,2283,2287
Haringey,2011-09-01,417485,302000,2280,1930
Haringey,2011-12-01,411253,303000,2306,2072
Haringey,2012-03-01,401489,302500,2394,2356
Haringey,2012-06-01,413225,310000,2362,2112
Haringey,2012-09-01,410011,310000,2429,1848
Haringey,2012-12-01,416303,315000,2461,1745
Haringey,2013-03-01,437605,315000,2443,1685
Haringey,2013-06-01,437657,315000,2548,1965
Haringey,2013-09-01,462459,329950,2547,1589
Haringey,2013-12-01,481674,339800,2657,1871
Haringey,2014-03-01,481360,350000,2778,1985
Haringey,2014-06-01,500502,367750,2848,1982
Haringey,2014-09-01,527783,385000,2874,2016
Haringey,2014-12-01,542902,405000,2850,1866
Haringey,2015-03-01,550309,418000,2708,2144
Haringey,2015-06-01,549650,420000,2701,2057
Haringey,2015-09-01,544476,422000,2751,2062
Haringey,2015-12-01,569499,439498,2692,2193
Haringey,2016-03-01,587651,445000,2915,2269
Haringey,2016-06-01,604665,455000,2723,2319
Haringey,2016-09-01,614791,460500,2518,2438
Haringey,2016-12-01,606629,460000,2288,2459
Haringey,2017-03-01,626473,487500,1975,2409
Haringey,2017-06-01,644927,505000,1948,2466
Haringey,2017-09-01,668129,529250,1850,2505
Haringey,2017-12-01,683987,540000,1888,2274
Harrow,2010-06-01,306699,274975,2306,1356
Harrow,2010-09-01,319146,283000,2284,1255
Harrow,2010-12-01,331517,291000,2263,984
Harrow,2011-03-01,339319,295000,2224,1170
Harrow,2011-06-01,339497,296000,2152,1137
Harrow,2011-09-01,342617,296000,2219,1023
Harrow,2011-12-01,343717,294000,2168,1144
Harrow,2012-03-01,338859,291000,2267,1280
Harrow,2012-06-01,342168,299950,2256,1191
Harrow,2012-09-01,341036,300000,2223,1016
Harrow,2012-12-01,343714,302000,2269,1060
Harrow,2013-03-01,348427,307500,2239,1072
Harrow,2013-06-01,349936,310000,2357,975
Harrow,2013-09-01,358677,315000,2442,936
Harrow,2013-12-01,369829,325000,2551,1007
Harrow,2014-03-01,380685,330000,2692,1104
Harrow,2014-06-01,399971,345000,2751,919
Harrow,2014-09-01,416156,355000,2753,995
Harrow,2014-12-01,427077,370000,2714,963
Harrow,2015-03-01,439138,380000,2653,1056
Harrow,2015-06-01,444425,386000,2694,1027
Harrow,2015-09-01,450849,387000,2891,1099
Harrow,2015-12-01,461919,400000,2931,1146
Harrow,2016-03-01,474121,415000,3156,1155
Harrow,2016-06-01,478243,424950,2880,1181
Harrow,2016-09-01,492107,443750,2469,1119
Harrow,2016-12-01,504811,460000,2239,1175
Harrow,2017-03-01,511591,475000,1937,1210
Harrow,2017-06-01,522208,490000,1953,1164
Harrow,2017-09-01,526390,500000,1983,1156
Harrow,2017-12-01,527206,500000,1946,1021
Havering,2010-06-01,239727,210000,2866,1482
Havering,2010-09-01,249981,218000,2885,1406
Havering,2010-12-01,257191,221000,2734,1208
Havering,2011-03-01,254925,222000,2617,1558
Havering,2011-06-01,254924,220750,2524,1440
Havering,2011-09-01,248713,219995,2544,1308
Havering,2011-12-01,248856,220000,2593,1313
Havering,2012-03-01,245343,217500,2868,1557
Havering,2012-06-01,244242,219000,2926,1316
Havering,2012-09-01,245749,220250,2870,1262
Havering,2012-12-01,245160,221000,2818,1417
Havering,2013-03-01,250582,227500,2660,1362
Havering,2013-06-01,250973,227000,2778,1166
Havering,2013-09-01,256084,230000,3120,1234
Havering,2013-12-01,257481,232250,3548,1250
Havering,2014-03-01,262831,237000,3904,1216
Havering,2014-06-01,270882,245000,4118,1113
Havering,2014-09-01,275351,249995,4242,1215
Havering,2014-12-01,284185,250000,4152,1324
Havering,2015-03-01,289735,260000,3988,1319
Havering,2015-06-01,294134,267500,3915,1417
Havering,2015-09-01,308594,279995,3990,1308
Havering,2015-12-01,317807,287500,4143,1465
Havering,2016-03-01,328298,300000,4512,1464
Havering,2016-06-01,336475,311000,4320,1506
Havering,2016-09-01,347685,325000,4060,1387
Havering,2016-12-01,358601,332000,3730,1456
Havering,2017-03-01,366822,340000,3457,1582
Havering,2017-06-01,372863,345000,3505,1575
Havering,2017-09-01,379656,350000,3510,1449
Havering,2017-12-01,387535,350000,3474,1564
Hillingdon,2010-06-01,267003,240000,2937,2236
Hillingdon,2010-09-01,275086,246500,3121,2020
Hillingdon,2010-12-01,282348,249999,3094,1848
Hillingdon,2011-03-01,286060,250000,3202,2244
Hillingdon,2011-06-01,289257,250000,3170,2102
Hillingdon,2011-09-01,289530,250000,3280,2183
Hillingdon,2011-12-01,288639,249950,3370,2166
Hillingdon,2012-03-01,284143,248000,3519,2154
Hillingdon,2012-06-01,289255,249995,3465,1856
Hillingdon,2012-09-01,291321,250000,3346,1730
Hillingdon,2012-12-01,296744,250000,3301,1786
Hillingdon,2013-03-01,305584,262000,3151,1770
Hillingdon,2013-06-01,300791,260000,3184,1648
Hillingdon,2013-09-01,300546,260000,3244,1587
Hillingdon,2013-12-01,306450,269950,3332,1553
Hillingdon,2014-03-01,311281,275000,3532,2004
Hillingdon,2014-06-01,320661,282000,3670,2040
Hillingdon,2014-09-01,334985,295000,3669,1933
Hillingdon,2014-12-01,348123,305750,3690,1937
Hillingdon,2015-03-01,361821,318000,3583,2025
Hillingdon,2015-06-01,368449,325000,3552,2132
Hillingdon,2015-09-01,381118,339150,3708,1987
Hillingdon,2015-12-01,393842,352250,3722,2075
Hillingdon,2016-03-01,408068,365000,4035,1938
Hillingdon,2016-06-01,421983,375000,3824,2021
Hillingdon,2016-09-01,430478,390000,3562,2098
Hillingdon,2016-12-01,439746,400000,3294,2339
Hillingdon,2017-03-01,444236,409995,2915,2495
Hillingdon,2017-06-01,446908,410000,3083,2204
Hillingdon,2017-09-01,452469,415000,3129,2243
Hillingdon,2017-12-01,452272,415000,3117,2365
Hounslow,2010-06-01,330029,245000,2349,1983
Hounslow,2010-09-01,337225,248000,2462,1966
Hounslow,2010-12-01,342719,249950,2476,1612
Hounslow,2011-03-01,353524,250000,2376,1963
Hounslow,2011-06-01,358222,250000,2324,2016
Hounslow,2011-09-01,359516,250000,2360,2003
Hounslow,2011-12-01,363455,250000,2319,1761
Hounslow,2012-03-01,350045,250000,2484,2184
Hounslow,2012-06-01,356878,250000,2466,1997
Hounslow,2012-09-01,357982,260000,2352,1871
Hounslow,2012-12-01,358795,265000,2386,1766
Hounslow,2013-03-01,369487,274500,2324,1729
Hounslow,2013-06-01,379629,275000,2395,1595
Hounslow,2013-09-01,385656,277000,2605,1654
Hounslow,2013-12-01,397806,280000,2845,1530
Hounslow,2014-03-01,403530,289000,3032,1611
Hounslow,2014-06-01,402724,300000,3276,1773
Hounslow,2014-09-01,417422,310000,3249,1629
Hounslow,2014-12-01,427360,319950,3219,1770
Hounslow,2015-03-01,429654,322000,3142,1750
Hounslow,2015-06-01,447842,327000,3044,1841
Hounslow,2015-09-01,456432,340000,3100,1780
Hounslow,2015-12-01,462024,355000,3205,1877
Hounslow,2016-03-01,480960,375000,3425,1758
Hounslow,2016-06-01,485794,387500,3217,1911
Hounslow,2016-09-01,480409,390000,3069,1932
Hounslow,2016-12-01,476268,380000,2867,1840
Hounslow,2017-03-01,482235,380000,2540,2100
Hounslow,2017-06-01,481450,375000,2533,2136
Hounslow,2017-09-01,484162,379725,2512,2010
Hounslow,2017-12-01,507876,395000,2445,1970
Islington,2010-06-01,442799,360000,2902,2227
Islington,2010-09-01,461028,372000,2923,2276
Islington,2010-12-01,480212,387498,2838,2030
Islington,2011-03-01,491672,395000,2798,2353
Islington,2011-06-01,500422,400000,2663,2419
Islington,2011-09-01,511749,405000,2660,2022
Islington,2011-12-01,507197,399995,2623,1920
Islington,2012-03-01,503804,395000,2721,2417
Islington,2012-06-01,515303,405000,2857,2250
Islington,2012-09-01,512234,405000,2888,2118
Islington,2012-12-01,523617,410000,2861,2230
Islington,2013-03-01,533449,425000,2758,2038
Islington,2013-06-01,539915,430000,2735,1927
Islington,2013-09-01,560593,445000,2781,2017
Islington,2013-12-01,575438,465000,2998,1808
Islington,2014-03-01,595920,476000,3066,2188
Islington,2014-06-01,618266,490000,3120,1950
Islington,2014-09-01,646200,500000,3005,2198
Islington,2014-12-01,669869,535000,2828,2200
Islington,2015-03-01,686295,550000,2762,2404
Islington,2015-06-01,707140,562250,2608,2355
Islington,2015-09-01,726405,575500,2450,2124
Islington,2015-12-01,743764,580000,2331,2363
Islington,2016-03-01,743848,590000,2626,2130
Islington,2016-06-01,742372,600000,2495,2527
Islington,2016-09-01,745035,605000,2420,2152
Islington,2016-12-01,754514,620000,2309,2369
Islington,2017-03-01,761601,625000,1850,2876
Islington,2017-06-01,771279,615000,1807,3034
Islington,2017-09-01,786564,617250,1736,2622
Islington,2017-12-01,778290,615000,1649,2448
Kensington and Chelsea,2010-06-01,1123172,713000,2491,1650
Kensington and Chelsea,2010-09-01,1173627,735000,2520,1883
Kensington and Chelsea,2010-12-01,1256272,750000,2460,1544
Kensington and Chelsea,2011-03-01,1266757,765000,2481,1720
Kensington and Chelsea,2011-06-01,1298153,780000,2473,1605
Kensington and Chelsea,2011-09-01,1302633,783790,2516,1476
Kensington and Chelsea,2011-12-01,1290725,790750,2496,1700
Kensington and Chelsea,2012-03-01,1310534,800000,2426,1831
Kensington and Chelsea,2012-06-01,1372694,825000,2365,1628
Kensington and Chelsea,2012-09-01,1471131,875000,2250,1591
Kensington and Chelsea,2012-12-01,1511383,890714,2253,1665
Kensington and Chelsea,2013-03-01,1551097,925000,2267,1380
Kensington and Chelsea,2013-06-01,1561063,935000,2325,1376
Kensington and Chelsea,2013-09-01,1598025,957500,2500,1421
Kensington and Chelsea,2013-12-01,1666682,980000,2647,1381
Kensington and Chelsea,2014-03-01,1723676,1000000,2832,1426
Kensington and Chelsea,2014-06-01,1814866,1100000,2946,1418
Kensington and Chelsea,2014-09-01,1886398,1150000,2824,1405
Kensington and Chelsea,2014-12-01,1946177,1197500,2669,1603
Kensington and Chelsea,2015-03-01,1951468,1210000,2512,1577
Kensington and Chelsea,2015-06-01,1948436,1200000,2285,1604
Kensington and Chelsea,2015-09-01,1935311,1195625,2164,1771
Kensington and Chelsea,2015-12-01,1914363,1175000,2162,1687
Kensington and Chelsea,2016-03-01,1948256,1200000,2388,1558
Kensington and Chelsea,2016-06-01,1926135,1200000,2192,1656
Kensington and Chelsea,2016-09-01,1886940,1169100,1962,1742
Kensington and Chelsea,2016-12-01,1953392,1200000,1804,1645
Kensington and Chelsea,2017-03-01,1984323,1200000,1413,1765
Kensington and Chelsea,2017-06-01,2068499,1300000,1525,1704
Kensington and Chelsea,2017-09-01,2087383,1300000,1593,1731
Kensington and Chelsea,2017-12-01,2092485,1315000,1535,1699
Kingston upon Thames,2010-06-01,346665,285000,2336,974
Kingston upon Thames,2010-09-01,359105,295000,2410,1010
Kingston upon Thames,2010-12-01,373249,300000,2355,815
Kingston upon Thames,2011-03-01,376982,300000,2255,953
Kingston upon Thames,2011-06-01,375509,300000,2231,878
Kingston upon Thames,2011-09-01,373182,300000,2200,875
Kingston upon Thames,2011-12-01,364948,300000,2249,946
Kingston upon Thames,2012-03-01,362299,297500,2335,940
Kingston upon Thames,2012-06-01,368658,305000,2301,865
Kingston upon Thames,2012-09-01,379006,311000,2324,865
Kingston upon Thames,2012-12-01,383982,317500,2353,742
Kingston upon Thames,2013-03-01,394607,325000,2329,798
Kingston upon Thames,2013-06-01,407334,325000,2429,726
Kingston upon Thames,2013-09-01,405679,330000,2601,750
Kingston upon Thames,2013-12-01,414419,335000,2748,745
Kingston upon Thames,2014-03-01,425260,345000,2907,802
Kingston upon Thames,2014-06-01,427499,355000,2983,777
Kingston upon Thames,2014-09-01,455795,373750,3020,855
Kingston upon Thames,2014-12-01,475081,385000,2988,855
Kingston upon Thames,2015-03-01,480285,392130,2890,816
Kingston upon Thames,2015-06-01,494013,398000,2825,884
Kingston upon Thames,2015-09-01,495871,400000,2628,789
Kingston upon Thames,2015-12-01,502091,413500,2556,913
Kingston upon Thames,2016-03-01,518836,429000,2779,801
Kingston upon Thames,2016-06-01,530638,440000,2553,822
Kingston upon Thames,2016-09-01,539644,450000,2386,921
Kingston upon Thames,2016-12-01,547214,460000,2167,901
Kingston upon Thames,2017-03-01,552448,472000,1827,994
Kingston upon Thames,2017-06-01,556435,475000,1895,869
Kingston upon Thames,2017-09-01,569995,485000,1932,934
Kingston upon Thames,2017-12-01,573938,487250,1928,896
Lambeth,2010-06-01,354098,292000,3213,3109
Lambeth,2010-09-01,364889,301000,3525,2913
Lambeth,2010-12-01,366963,302000,3519,2316
Lambeth,2011-03-01,366782,300000,3533,2923
Lambeth,2011-06-01,368651,302500,3562,2986
Lambeth,2011-09-01,373812,305000,3570,2855
Lambeth,2011-12-01,377944,310000,3612,2701
Lambeth,2012-03-01,381969,307000,3797,3117
Lambeth,2012-06-01,388767,312500,3764,2965
Lambeth,2012-09-01,391889,320000,3885,2812
Lambeth,2012-12-01,398776,321250,3956,2814
Lambeth,2013-03-01,405495,330000,3909,2687
Lambeth,2013-06-01,407100,330000,4210,2722
Lambeth,2013-09-01,415890,340000,4390,2671
Lambeth,2013-12-01,437456,350000,4912,2528
Lambeth,2014-03-01,467143,366000,5219,2548
Lambeth,2014-06-01,506103,390000,5183,2779
Lambeth,2014-09-01,527246,407000,5218,2811
Lambeth,2014-12-01,538040,420000,4858,2606
Lambeth,2015-03-01,536969,428000,4706,2830
Lambeth,2015-06-01,524321,433837,4650,2799
Lambeth,2015-09-01,543859,450000,4599,2758
Lambeth,2015-12-01,554122,460000,4575,2803
Lambeth,2016-03-01,565824,475000,4849,2784
Lambeth,2016-06-01,578989,493750,4560,2985
Lambeth,2016-09-01,581325,499950,4203,2953
Lambeth,2016-12-01,588579,507600,3962,2739
Lambeth,2017-03-01,588824,510000,3471,2799
Lambeth,2017-06-01,598022,510000,3741,2952
Lambeth,2017-09-01,606993,514496,3742,2841
Lambeth,2017-12-01,616126,518110,3661,2587
Lewisham,2010-06-01,253077,225000,2647,2448
Lewisham,2010-09-01,257505,228000,2813,2115
Lewisham,2010-12-01,263878,235000,2818,2057
Lewisham,2011-03-01,264969,235000,2781,2427
Lewisham,2011-06-01,263215,234995,2810,2254
Lewisham,2011-09-01,268588,237000,2851,2128
Lewisham,2011-12-01,267820,240000,2880,2022
Lewisham,2012-03-01,265124,239000,3094,2327
Lewisham,2012-06-01,269243,245000,3207,2109
Lewisham,2012-09-01,274324,245000,3216,1952
Lewisham,2012-12-01,281909,249000,3280,1971
Lewisham,2013-03-01,286325,250000,3238,1923
Lewisham,2013-06-01,291918,250000,3416,1913
Lewisham,2013-09-01,299248,250000,3722,1781
Lewisham,2013-12-01,305825,260000,4199,1729
Lewisham,2014-03-01,317328,271000,4527,1807
Lewisham,2014-06-01,332369,285000,4644,1745
Lewisham,2014-09-01,345627,299725,4692,1883
Lewisham,2014-12-01,360998,315000,4485,1837
Lewisham,2015-03-01,372868,325000,4325,1958
Lewisham,2015-06-01,377205,335000,4368,2086
Lewisham,2015-09-01,389490,348000,4307,1963
Lewisham,2015-12-01,403589,360000,4484,2059
Lewisham,2016-03-01,413683,368000,4954,2021
Lewisham,2016-06-01,425266,380000,4760,2185
Lewisham,2016-09-01,433010,387325,4478,1953
Lewisham,2016-12-01,434769,387000,4096,2016
Lewisham,2017-03-01,441406,394720,3456,2245
Lewisham,2017-06-01,452263,410000,3538,2094
Lewisham,2017-09-01,464843,420000,3459,2079
Lewisham,2017-12-01,475142,430000,3309,2010
Merton,2010-06-01,399083,274950,2593,1287
Merton,2010-09-01,414252,282500,2682,1125
Merton,2010-12-01,433780,289000,2553,1038
Merton,2011-03-01,432129,285000,2489,1253
Merton,2011-06-01,432363,286625,2476,1214
Merton,2011-09-01,445778,295000,2520,1016
Merton,2011-12-01,437253,295000,2620,1065
Merton,2012-03-01,421790,285000,2802,1234
Merton,2012-06-01,428081,289000,2786,1111
Merton,2012-09-01,418027,289000,2763,1089
Merton,2012-12-01,424513,290000,2784,1049
Merton,2013-03-01,445755,300000,2792,951
Merton,2013-06-01,455122,305000,2934,967
Merton,2013-09-01,469707,312500,3083,900
Merton,2013-12-01,473134,321250,3226,845
Merton,2014-03-01,478460,332500,3346,972
Merton,2014-06-01,489128,350000,3383,1009
Merton,2014-09-01,516913,375000,3287,1028
Merton,2014-12-01,537708,385000,3077,1067
Merton,2015-03-01,554910,390000,2894,987
Merton,2015-06-01,561600,392000,2800,1047
Merton,2015-09-01,559727,396500,2818,947
Merton,2015-12-01,571363,420000,2911,1061
Merton,2016-03-01,581611,440000,3184,1142
Merton,2016-06-01,590516,450000,2957,992
Merton,2016-09-01,584853,456550,2756,1075
Merton,2016-12-01,587371,450000,2560,1018
Merton,2017-03-01,595194,445000,2221,1119
Merton,2017-06-01,610873,450000,2377,1168
Merton,2017-09-01,622631,457000,2407,1175
Merton,2017-12-01,638519,470000,2415,1205
Newham,2010-06-01,211533,210000,1734,2943
Newham,2010-09-01,216274,215000,1781,2771
Newham,2010-12-01,219872,220000,1693,2279
Newham,2011-03-01,217661,220000,1630,2589
Newham,2011-06-01,215982,218000,1559,2654
Newham,2011-09-01,214189,215000,1543,2508
Newham,2011-12-01,214915,219000,1615,2222
Newham,2012-03-01,216634,219000,1765,3037
Newham,2012-06-01,217100,220000,1701,2624
Newham,2012-09-01,217715,219000,1664,2605
Newham,2012-12-01,218974,219000,1708,2575
Newham,2013-03-01,223269,221500,1693,2227
Newham,2013-06-01,225678,223000,1890,2264
Newham,2013-09-01,229431,226000,2141,2096
Newham,2013-12-01,233074,230000,2332,2308
Newham,2014-03-01,236939,234250,2500,2589
Newham,2014-06-01,246343,240000,2744,2300
Newham,2014-09-01,258766,250000,2857,2341
Newham,2014-12-01,269497,250000,2869,2413
Newham,2015-03-01,279697,270000,2777,2628
Newham,2015-06-01,291813,280000,2757,2531
Newham,2015-09-01,301916,292900,2722,2474
Newham,2015-12-01,319348,310000,2834,2454
Newham,2016-03-01,332891,325000,3087,2424
Newham,2016-06-01,342723,334570,2768,2511
Newham,2016-09-01,351770,340000,2606,2509
Newham,2016-12-01,370476,355000,2737,2754
Newham,2017-03-01,385116,367725,2752,2994
Newham,2017-06-01,399914,380000,3430,2793
Newham,2017-09-01,408103,390000,3667,2821
Newham,2017-12-01,409477,390500,3384,2729
Redbridge,2010-06-01,264137,237000,3197,1947
Redbridge,2010-09-01,272608,243000,3234,1923
Redbridge,2010-12-01,286209,250000,2968,1723
Redbridge,2011-03-01,291827,250000,2733,2187
Redbridge,2011-06-01,299659,250000,2512,1925
Redbridge,2011-09-01,299085,250000,2489,1840
Redbridge,2011-12-01,294854,250000,2539,1746
Redbridge,2012-03-01,294571,250000,2596,2032
Redbridge,2012-06-01,297753,259000,2570,1772
Redbridge,2012-09-01,302055,262500,2465,1812
Redbridge,2012-12-01,303591,265000,2509,1739
Redbridge,2013-03-01,304484,269000,2472,1755
Redbridge,2013-06-01,304355,268000,2570,1565
Redbridge,2013-09-01,310602,271000,2739,1511
Redbridge,2013-12-01,315401,275000,2947,1683
Redbridge,2014-03-01,319286,280000,3213,1678
Redbridge,2014-06-01,323876,285000,3427,1703
Redbridge,2014-09-01,328535,290000,3582,1504
Redbridge,2014-12-01,338667,300000,3574,1725
Redbridge,2015-03-01,350042,315000,3545,1685
Redbridge,2015-06-01,361737,325000,3339,1736
Redbridge,2015-09-01,374849,340000,3299,1571
Redbridge,2015-12-01,387917,350000,3294,1704
Redbridge,2016-03-01,398562,360000,3505,1719
Redbridge,2016-06-01,405431,370000,3361,1628
Redbridge,2016-09-01,414932,380000,3151,1644
Redbridge,2016-12-01,423130,390000,2960,1604
Redbridge,2017-03-01,429587,400000,2609,1934
Redbridge,2017-06-01,436349,410000,2656,2041
Redbridge,2017-09-01,446246,415000,2632,2028
Redbridge,2017-12-01,452437,420000,2569,1906
Richmond upon Thames,2010-06-01,538002,395000,3181,1000
Richmond upon Thames,2010-09-01,551143,404000,3312,1000
Richmond upon Thames,2010-12-01,550796,400000,3217,782
Richmond upon Thames,2011-03-01,551477,400000,3206,1003
Richmond upon Thames,2011-06-01,556449,408250,3116,1003
Richmond upon Thames,2011-09-01,570095,420000,3113,952
Richmond upon Thames,2011-12-01,570178,420000,3147,911
Richmond upon Thames,2012-03-01,569936,422750,3158,1031
Richmond upon Thames,2012-06-01,581650,425000,3225,911
Richmond upon Thames,2012-09-01,578245,425000,3259,891
Richmond upon Thames,2012-12-01,590459,430000,3289,911
Richmond upon Thames,2013-03-01,598295,438500,3284,919
Richmond upon Thames,2013-06-01,610496,450000,3332,939
Richmond upon Thames,2013-09-01,638325,460000,3403,874
Richmond upon Thames,2013-12-01,644778,475000,3608,777
Richmond upon Thames,2014-03-01,657522,479950,3764,862
Richmond upon Thames,2014-06-01,680308,495000,3760,924
Richmond upon Thames,2014-09-01,703304,510000,3660,925
Richmond upon Thames,2014-12-01,730459,534995,3425,850
Richmond upon Thames,2015-03-01,743646,550000,3227,939
Richmond upon Thames,2015-06-01,743074,555000,3132,887
Richmond upon Thames,2015-09-01,754025,565000,3157,896
Richmond upon Thames,2015-12-01,754191,577750,3234,867
Richmond upon Thames,2016-03-01,772074,590000,3569,882
Richmond upon Thames,2016-06-01,774663,599973,3400,994
Richmond upon Thames,2016-09-01,776471,605000,3130,1039
Richmond upon Thames,2016-12-01,775357,605000,2884,882
Richmond upon Thames,2017-03-01,780110,610000,2585,1086
Richmond upon Thames,2017-06-01,798328,629950,2655,1193
Richmond upon Thames,2017-09-01,807647,640000,2661,1157
Richmond upon Thames,2017-12-01,819044,650000,2642,989
Southwark,2010-06-01,357391,293000,3052,3126
Southwark,2010-09-01,370741,305000,3358,2950
Southwark,2010-12-01,376688,314500,3333,2397
Southwark,2011-03-01,383983,318000,3360,2766
Southwark,2011-06-01,386916,320000,3351,2943
Southwark,2011-09-01,396801,323000,3255,2642
Southwark,2011-12-01,400980,320000,3205,2710
Southwark,2012-03-01,395247,320000,3440,2800
Southwark,2012-06-01,406827,325000,3373,2790
Southwark,2012-09-01,405335,325000,3316,2441
Southwark,2012-12-01,415796,332250,3374,2727
Southwark,2013-03-01,419837,335000,3207,2636
Southwark,2013-06-01,425673,345000,3576,2639
Southwark,2013-09-01,431743,345000,3900,2604
Southwark,2013-12-01,441747,350000,4240,2437
Southwark,2014-03-01,454455,360000,4491,2451
Southwark,2014-06-01,470323,372500,4321,2441
Southwark,2014-09-01,501088,399950,4180,2623
Southwark,2014-12-01,518144,420000,3868,2354
Southwark,2015-03-01,535907,430000,3633,2484
Southwark,2015-06-01,547127,445000,3640,2673
Southwark,2015-09-01,559003,461000,3714,2423
Southwark,2015-12-01,583065,475000,4035,2596
Southwark,2016-03-01,607715,487500,4430,2536
Southwark,2016-06-01,623542,500000,4149,2745
Southwark,2016-09-01,624573,500000,3994,2846
Southwark,2016-12-01,643858,512750,3609,2682
Southwark,2017-03-01,651179,520000,3196,2809
Southwark,2017-06-01,662741,529975,3452,2773
Southwark,2017-09-01,667660,533500,3447,2884
Southwark,2017-12-01,641210,530000,3379,2622
Sutton,2010-06-01,251180,221000,2601,1151
Sutton,2010-09-01,256173,225000,2570,1010
Sutton,2010-12-01,264951,235000,2377,928
Sutton,2011-03-01,264252,235000,2295,1035
Sutton,2011-06-01,266686,235000,2312,1015
Sutton,2011-09-01,266756,235000,2391,868
Sutton,2011-12-01,267042,233000,2444,874
Sutton,2012-03-01,268678,232750,2674,1024
Sutton,2012-06-01,268853,235000,2612,931
Sutton,2012-09-01,270504,240000,2537,858
Sutton,2012-12-01,272250,240000,2568,966
Sutton,2013-03-01,275048,245000,2488,839
Sutton,2013-06-01,279230,248700,2607,852
Sutton,2013-09-01,283753,250000,2805,850
Sutton,2013-12-01,286681,250000,2994,809
Sutton,2014-03-01,291217,250000,3223,892
Sutton,2014-06-01,297183,260000,3280,908
Sutton,2014-09-01,310500,272000,3376,844
Sutton,2014-12-01,322434,285000,3396,970
Sutton,2015-03-01,330233,295000,3309,982
Sutton,2015-06-01,338644,303000,3398,1024
Sutton,2015-09-01,347086,314250,3274,826
Sutton,2015-12-01,358826,320250,3260,894
Sutton,2016-03-01,368930,330000,3477,970
Sutton,2016-06-01,376758,335000,3275,916
Sutton,2016-09-01,383561,345000,3241,921
Sutton,2016-12-01,387585,347500,3206,903
Sutton,2017-03-01,391484,353500,3036,994
Sutton,2017-06-01,393962,356600,3120,1163
Sutton,2017-09-01,397079,359950,3127,1018
Sutton,2017-12-01,402121,367000,2901,931
Tower Hamlets,2010-06-01,341441,297000,3899,2271
Tower Hamlets,2010-09-01,348806,305000,3899,2425
Tower Hamlets,2010-12-01,345385,305000,3788,1846
Tower Hamlets,2011-03-01,344494,300000,3692,2395
Tower Hamlets,2011-06-01,345302,303000,3501,2507
Tower Hamlets,2011-09-01,340546,300000,3493,2177
Tower Hamlets,2011-12-01,345026,300000,3368,2049
Tower Hamlets,2012-03-01,341807,295000,3435,2383
Tower Hamlets,2012-06-01,348210,300000,3528,2747
Tower Hamlets,2012-09-01,351651,302101,3608,2223
Tower Hamlets,2012-12-01,355588,305000,3600,2045
Tower Hamlets,2013-03-01,357936,310000,3699,2137
Tower Hamlets,2013-06-01,361379,312000,3675,2158
Tower Hamlets,2013-09-01,370252,315250,3958,2201
Tower Hamlets,2013-12-01,383842,329000,4376,1941
Tower Hamlets,2014-03-01,406121,346875,4797,2151
Tower Hamlets,2014-06-01,423749,360000,5221,2320
Tower Hamlets,2014-09-01,439575,375000,5084,2261
Tower Hamlets,2014-12-01,445319,385000,5004,2190
Tower Hamlets,2015-03-01,446399,385000,4563,2307
Tower Hamlets,2015-06-01,450292,399250,4300,2307
Tower Hamlets,2015-09-01,462677,408500,4192,2296
Tower Hamlets,2015-12-01,483423,425000,4074,2438
Tower Hamlets,2016-03-01,501531,440000,4414,2242
Tower Hamlets,2016-06-01,514842,450000,4366,2533
Tower Hamlets,2016-09-01,520480,462120,4518,2555
Tower Hamlets,2016-12-01,524508,470000,4551,2472
Tower Hamlets,2017-03-01,527413,475000,4343,2487
Tower Hamlets,2017-06-01,531270,478548,4190,2741
Tower Hamlets,2017-09-01,545749,485000,3727,2538
Tower Hamlets,2017-12-01,554009,490000,3290,2276
Waltham Forest,2010-06-01,228730,220000,2321,2347
Waltham Forest,2010-09-01,233459,225000,2347,2375
Waltham Forest,2010-12-01,236576,230000,2267,1920
Waltham Forest,2011-03-01,236536,230000,2278,2173
Waltham Forest,2011-06-01,237239,230000,2243,2143
Waltham Forest,2011-09-01,236901,230000,2278,1779
Waltham Forest,2011-12-01,240234,232000,2329,1848
Waltham Forest,2012-03-01,240384,232500,2393,2108
Waltham Forest,2012-06-01,246645,238000,2373,2074
Waltham Forest,2012-09-01,250517,240000,2327,1924
Waltham Forest,2012-12-01,251671,241500,2339,1932
Waltham Forest,2013-03-01,256793,245000,2325,1766
Waltham Forest,2013-06-01,257487,248000,2440,1781
Waltham Forest,2013-09-01,268046,250000,2645,1848
Waltham Forest,2013-12-01,281255,265000,2875,1769
Waltham Forest,2014-03-01,292084,275000,3085,1748
Waltham Forest,2014-06-01,303020,285000,3349,1752
Waltham Forest,2014-09-01,319350,300000,3479,1678
Waltham Forest,2014-12-01,334326,320000,3470,1604
Waltham Forest,2015-03-01,344913,331500,3455,1837
Waltham Forest,2015-06-01,358406,350000,3381,1922
Waltham Forest,2015-09-01,370891,360000,3393,1631
Waltham Forest,2015-12-01,384365,372000,3395,1880
Waltham Forest,2016-03-01,400482,390000,3535,1806
Waltham Forest,2016-06-01,411538,400000,3311,1849
Waltham Forest,2016-09-01,421625,407000,3142,1684
Waltham Forest,2016-12-01,431878,422000,3010,1769
Waltham Forest,2017-03-01,440634,430000,2787,1970
Waltham Forest,2017-06-01,445599,435000,2822,2006
Waltham Forest,2017-09-01,454901,442500,2756,1850
Waltham Forest,2017-12-01,459922,445000,2711,1696
Wandsworth,2010-06-01,477473,365000,5385,2261
Wandsworth,2010-09-01,495539,375000,5518,2178
Wandsworth,2010-12-01,493683,380000,5329,1622
Wandsworth,2011-03-01,500796,380000,5161,1899
Wandsworth,2011-06-01,505077,385000,5128,2018
Wandsworth,2011-09-01,503921,389500,5163,1835
Wandsworth,2011-12-01,508691,390000,5274,1922
Wandsworth,2012-03-01,507213,390000,5444,2474
Wandsworth,2012-06-01,513066,397500,5485,2178
Wandsworth,2012-09-01,522636,404995,5342,2064
Wandsworth,2012-12-01,532430,415750,5296,1869
Wandsworth,2013-03-01,535886,420174,5263,1900
Wandsworth,2013-06-01,545991,432500,5460,1913
Wandsworth,2013-09-01,569087,450000,5795,1902
Wandsworth,2013-12-01,584510,465000,6257,1604
Wandsworth,2014-03-01,605399,482500,6580,1646
Wandsworth,2014-06-01,638790,500000,6664,1873
Wandsworth,2014-09-01,659668,515000,6386,1929
Wandsworth,2014-12-01,681731,532250,5934,1836
Wandsworth,2015-03-01,691864,535000,5592,1996
Wandsworth,2015-06-01,682203,535000,5453,1956
Wandsworth,2015-09-01,680211,545000,5679,1921
Wandsworth,2015-12-01,687589,560000,5882,1858
Wandsworth,2016-03-01,713747,589938,6590,1922
Wandsworth,2016-06-01,731863,605000,6350,1996
Wandsworth,2016-09-01,754445,625000,5889,2072
Wandsworth,2016-12-01,775484,644000,5531,1971
Wandsworth,2017-03-01,788357,640000,4908,2106
Wandsworth,2017-06-01,816479,655000,4875,2148
Wandsworth,2017-09-01,816531,658065,5134,2033
Wandsworth,2017-12-01,818443,654000,4959,2162
Westminster,2010-06-01,769071,540000,3632,4883
Westminster,2010-09-01,794495,557750,3682,5058
Westminster,2010-12-01,823306,580000,3603,4882
Westminster,2011-03-01,860909,585950,3594,5343
Westminster,2011-06-01,904648,600000,3429,5789
Westminster,2011-09-01,938689,610000,3380,4778
Westminster,2011-12-01,958412,600000,3297,5477
Westminster,2012-03-01,942424,590000,3211,5568
Westminster,2012-06-01,1003751,600000,3242,4980
Westminster,2012-09-01,1051366,605000,3204,4546
Westminster,2012-12-01,1147250,635000,3237,5333
Westminster,2013-03-01,1221006,670000,3297,4591
Westminster,2013-06-01,1265186,698000,3355,4532
Westminster,2013-09-01,1295559,730000,3506,4074
Westminster,2013-12-01,1299376,725000,3635,4462
Westminster,2014-03-01,1308842,750000,3641,4384
Westminster,2014-06-01,1314236,795000,3798,3911
Westminster,2014-09-01,1395017,830000,3727,3844
Westminster,2014-12-01,1464109,875000,3536,4373
Westminster,2015-03-01,1490361,899000,3390,4039
Westminster,2015-06-01,1468287,895000,3076,3848
Westminster,2015-09-01,1412083,876500,2887,3789
Westminster,2015-12-01,1361091,890000,2869,4475
Westminster,2016-03-01,1413086,920000,3355,3770
Westminster,2016-06-01,1475927,950000,3080,3845
Westminster,2016-09-01,1523144,980000,2811,3830
Westminster,2016-12-01,1579839,1024500,2772,4811
Westminster,2017-03-01,1609658,1070000,2271,4717
Westminster,2017-06-01,1658550,1074150,2495,4484
Westminster,2017-09-01,1644863,1050000,2614,4685
Westminster,2017-12-01,1718124,1025000,2455,5086
